code,ncode,seat,candidate,coalition,party,symbol,ballot_name,electorate,incumbent_2022,incumbent_party_2022,majority_2022
1_N.01,N.01,Buloh Kasap,Noraziah Mohd Razit,PH,PKR,,,28973,Datuk Zahari Sarip,BN-UMNO,"5,377"
1_N.01,N.01,Buloh Kasap,Datuk Zahari Sarip,BN,UMNO,,,28973,Datuk Zahari Sarip,BN-UMNO,"5,377"
1_N.02,N.02,Jementah,Ng Kor Sim,PH,DAP,,,41137,Ng Kor Sim,PH-DAP,714
1_N.02,N.02,Jementah,Saifullah Abdul Wahab,PN,PAS,,Saifullah Wahab,41137,Ng Kor Sim,PH-DAP,714
1_N.02,N.02,Jementah,See Ann Giap,BN,MCA,,,41137,Ng Kor Sim,PH-DAP,714
1_N.03,N.03,Pemanis,Jalex Lee En Xiang,PH,PKR,,Jalex Lee,30458,Anuar Abd Manap,BN-UMNO,"4,187"
1_N.03,N.03,Pemanis,Dr A Ariventharan,PN,MIPP,,Dr.Arvind,30458,Anuar Abd Manap,BN-UMNO,"4,187"
1_N.03,N.03,Pemanis,Anuar Abd Manap,BN,UMNO,,,30458,Anuar Abd Manap,BN-UMNO,"4,187"
1_N.04,N.04,Kemelah,Mohd Afif Abd Hamid,PH,AMANAH,,,35365,N Saraswati,BN-MIC,"1,611"
1_N.04,N.04,Kemelah,Uzzair Ismail,PN,BERSATU,,Uzzair bin Ismail,35365,N Saraswati,BN-MIC,"1,611"
1_N.04,N.04,Kemelah,K Raven Kumar,BN,MIC,,,35365,N Saraswati,BN-MIC,"1,611"
1_N.05,N.05,Tenang,Elia Nadira Sabudin,PH,AMANAH,,,22616,Haslinda Salleh,BN-UMNO,"1,736"
1_N.05,N.05,Tenang,Normala Sudirman,PN,PAS,,Cikgu Mala,22616,Haslinda Salleh,BN-UMNO,"1,736"
1_N.05,N.05,Tenang,Mohd Azahar Ibrahim,BN,UMNO,,Mohd Azahar (TOK AI),22616,Haslinda Salleh,BN-UMNO,"1,736"
1_N.05,N.05,Tenang,Siti Aisyah Zobir,OTHERS,BEBAS,Pen,,22616,Haslinda Salleh,BN-UMNO,"1,736"
1_N.06,N.06,Bekok,Tay Yok Jiuen,PH,DAP,,Cikgu Tay Yok Jiuen,27317,Tan Chong,BN-MCA,"3,569"
1_N.06,N.06,Bekok,Tan Chong,BN,MCA,,,27317,Tan Chong,BN-MCA,"3,569"
1_N.07,N.07,Bukit Kepong,C Subramani,PH,PKR,,Mani,37683,Datuk Dr Sahrudin Jamal,PN-Bersatu,710
1_N.07,N.07,Bukit Kepong,Datuk Dr Sahrudin Jamal,PN,BERSATU,,Dato' Dr Sahruddin bin Jamal,37683,Datuk Dr Sahrudin Jamal,PN-Bersatu,710
1_N.07,N.07,Bukit Kepong,Ahmad Syar’e Yusof,BN,UMNO,,Cikgu Syar'e,37683,Datuk Dr Sahrudin Jamal,PN-Bersatu,710
1_N.08,N.08,Bukit Pasir,Kapt (B) Muhd Najib Lep,PH,AMANAH,,Kapten (B) Hj Najib bin Lep,34142,Mohamad Fazli Mohamad Salleh,BN-UMNO,198
1_N.08,N.08,Bukit Pasir,Mohd Idzharruddin Mohd Nasirruddin,PN,BERSATU,,,34142,Mohamad Fazli Mohamad Salleh,BN-UMNO,198
1_N.08,N.08,Bukit Pasir,Mohamad Fazli Mohamad Salleh,BN,UMNO,,Fazli Salleh,34142,Mohamad Fazli Mohamad Salleh,BN-UMNO,198
1_N.09,N.09,Gambir,Mohd Nor Mohd Yusof,PH,PKR,,Hj Mohd Nor Mohd Yusof,30326,Sahrihan Jani,BN-UMNO,"3,146"
1_N.09,N.09,Gambir,Sahrihan Jani,BN,UMNO,,Sahrihan bin Jani,30326,Sahrihan Jani,BN-UMNO,"3,146"
1_N.09,N.09,Gambir,Suraya Sulaiman,PN,PEJUANG,,,30326,Sahrihan Jani,BN-UMNO,"3,146"
1_N.10,N.10,Tangkak,Ee Chin Li,PH,DAP,,,36955,Ee Chin Li,PH-DAP,372
1_N.10,N.10,Tangkak,Datuk Haw Chin Teck,BN,MCA,,,36955,Ee Chin Li,PH-DAP,372
1_N.11,N.11,Serom,Ahmad Nazari Abd Hamid,PH,AMANAH,,,40172,Khairin-Nisa Ismail@Md On,BN-UMNO,699
1_N.11,N.11,Serom,Mahfidz Omar,PN,BERSATU,,Mahfidz bin Omar,40172,Khairin-Nisa Ismail@Md On,BN-UMNO,699
1_N.11,N.11,Serom,Nadhirah Afiqah Abdull Rahim,BN,UMNO,,Iqa Rahim,40172,Khairin-Nisa Ismail@Md On,BN-UMNO,699
1_N.12,N.12,Bentayan,Ng Yak Howe,PH,DAP,,Ng Yah Howe,34205,Ng Yak Howe,PH-DAP,"7,476"
1_N.12,N.12,Bentayan,Chua Lee Huat,BN,MCA,,,34205,Ng Yak Howe,PH-DAP,"7,476"
1_N.13,N.13,Simpang Jeram,Nazri Abd Rahman,PH,AMANAH,,Ir. Ts. Haji Nazri,41975,Nazri Abd Rahman,PH-Amanah,"3,514"
1_N.13,N.13,Simpang Jeram,Ainie Haziqah Shafii,MUDA-PSM,MUDA,,,41975,Nazri Abd Rahman,PH-Amanah,"3,514"
1_N.13,N.13,Simpang Jeram,Arshed Yahya@Awang,PN,PAS,,Awang,41975,Nazri Abd Rahman,PH-Amanah,"3,514"
1_N.13,N.13,Simpang Jeram,Datuk Azman Ismail,BN,UMNO,,Azman bin Ismail,41975,Nazri Abd Rahman,PH-Amanah,"3,514"
1_N.14,N.14,Bukit Naning,Md Ysahrudin Kusni,PH,PKR,,Md Ysahrudin,23002,Datuk Mohd Fuad Tukirin,BN-UMNO,"1,535"
1_N.14,N.14,Bukit Naning,Iskandar Md Alias,BERSAMA,BERSAMA,,,23002,Datuk Mohd Fuad Tukirin,BN-UMNO,"1,535"
1_N.14,N.14,Bukit Naning,Mohd Radzi Amin,PN,BERSATU,,Mohd Radzi bin Amin,23002,Datuk Mohd Fuad Tukirin,BN-UMNO,"1,535"
1_N.14,N.14,Bukit Naning,Mohd Ghazali Sabari,BN,UMNO,,Mohd Ghazali bin Sabari,23002,Datuk Mohd Fuad Tukirin,BN-UMNO,"1,535"
1_N.14,N.14,Bukit Naning,S Jegnanaathan,OTHERS,BEBAS,Gajah,,23002,Datuk Mohd Fuad Tukirin,BN-UMNO,"1,535"
1_N.15,N.15,Maharani,Muhammad Taqiuddin Cheman,PH,AMANAH,,Taqiuddin Cheman,40040,Abdul Aziz Talib,PN-Pas,"1,037"
1_N.15,N.15,Maharani,Muhammad Amir Fiqri,MUDA-PSM,MUDA,,Amir Jack,40040,Abdul Aziz Talib,PN-Pas,"1,037"
1_N.15,N.15,Maharani,Mohamad Anuar Hayan,PN,PAS,,Anuar Hayan,40040,Abdul Aziz Talib,PN-Pas,"1,037"
1_N.15,N.15,Maharani,Datuk Ashari Md Sarip,BN,UMNO,,Dato' Ashari,40040,Abdul Aziz Talib,PN-Pas,"1,037"
1_N.16,N.16,Sungai Balang,Ayna Soraya Badaruddin,PH,PKR,,,31039,Selamat Takim,BN-UMNO,"2,293"
1_N.16,N.16,Sungai Balang,Muhammad Amin Sailan,PN,PAS,,Amin Sailan,31039,Selamat Takim,BN-UMNO,"2,293"
1_N.16,N.16,Sungai Balang,Selamat Takim,BN,UMNO,,Cikgu Selamat Takim,31039,Selamat Takim,BN-UMNO,"2,293"
1_N.17,N.17,Semerah,Mohd Khuzzan Abu Bakar,PH,PKR,,Mohd Khuzzan bin Abu Bakar,47431,Mohd Fared Mohd Khalid,BN-UMNO,"4,041"
1_N.17,N.17,Semerah,Halim Kepol,PN,PAS,,Halim Kepol,47431,Mohd Fared Mohd Khalid,BN-UMNO,"4,041"
1_N.17,N.17,Semerah,Mohd Fared Mohd Khalid,BN,UMNO,,Fared Khalid,47431,Mohd Fared Mohd Khalid,BN-UMNO,"4,041"
1_N.18,N.18,Sri Medan,Hishamudin@Misrin Ishak,PH,PKR,,Cikgu Hishamuddin bin Ishak,33875,Datuk Zulkurnain Kamisan,BN-UMNO,"6,274"
1_N.18,N.18,Sri Medan,Ahmad Rosdi Bahari,PN,PAS,,Ustaz Rosdi,33875,Datuk Zulkurnain Kamisan,BN-UMNO,"6,274"
1_N.18,N.18,Sri Medan,Datuk Zulkurnain Kamisan,BN,UMNO,,,33875,Datuk Zulkurnain Kamisan,BN-UMNO,"6,274"
1_N.19,N.19,Yong Peng,Yong Hui Yi,PH,DAP,,,34023,Ling Tian Soon,BN-MCA,"2,741"
1_N.19,N.19,Yong Peng,Ling Tian Soon,BN,MCA,,Ah Soon,34023,Ling Tian Soon,BN-MCA,"2,741"
1_N.20,N.20,Semarang,Ramli Abd Hamid,PH,AMANAH,,,28753,Datuk Samsolbari Jamali,BN-UMNO,"5,846"
1_N.20,N.20,Semarang,Muhammad Syafiq Abdul Aziz,PN,BERSATU,,,28753,Datuk Samsolbari Jamali,BN-UMNO,"5,846"
1_N.20,N.20,Semarang,Datuk Samsolbari Jamali,BN,UMNO,,Datuk Samsolbari,28753,Datuk Samsolbari Jamali,BN-UMNO,"5,846"
1_N.21,N.21,Parit Yaani,Md Ezam Md Taslim,PH,AMANAH,,Md.Ezam Taslim,44741,Datuk Mohamad Najib Samuri,BN-UMNO,294
1_N.21,N.21,Parit Yaani,Datuk Mohamad Najib Samuri,BN,UMNO,,Najib Samuri,44741,Datuk Mohamad Najib Samuri,BN-UMNO,294
1_N.22,N.22,Parit Raja,Shazwan Dzainal Abidin,PH,DAP,,Shazwan Zdainal,38159,Nor Rashidah Ramli,BN-UMNO,"4,219"
1_N.22,N.22,Parit Raja,Dr Mohamed Maliki Mohamed Rapiee,PN,BERSATU,,Dr.Maliki,38159,Nor Rashidah Ramli,BN-UMNO,"4,219"
1_N.22,N.22,Parit Raja,Nor Rashidah Ramli,BN,UMNO,,Rashidah Ramli,38159,Nor Rashidah Ramli,BN-UMNO,"4,219"
1_N.23,N.23,Penggaram,Felicia Poh Rui Ling,PH,DAP,,,70294,Gan Peck Cheng,PH-DAP,"9,956"
1_N.23,N.23,Penggaram,Boo Chin Liong,BN,MCA,,CL Boo,70294,Gan Peck Cheng,PH-DAP,"9,956"
1_N.24,N.24,Senggarang,Onn Abu Bakar,PH,PKR,,,38576,Mohd Yusla Ismail,BN-UMNO,"3,912"
1_N.24,N.24,Senggarang,Datuk Mohd Rashid Hasnon,PN,BERSATU,,Dato' Rashid Hasnon,38576,Mohd Yusla Ismail,BN-UMNO,"3,912"
1_N.24,N.24,Senggarang,Mohd Yusla Ismail,BN,UMNO,,Yusla Ismail,38576,Mohd Yusla Ismail,BN-UMNO,"3,912"
1_N.25,N.25,Rengit,Mohamed Yazid Bakri,PH,AMANAH,,Hj Mohamad Yazid,27608,Datuk Dr Mohd Puad Zarkashi,BN-UMNO,"1,920"
1_N.25,N.25,Rengit,Syed Mohamad Syed Alwi,PN,BERSATU,,Syed Mohd,27608,Datuk Dr Mohd Puad Zarkashi,BN-UMNO,"1,920"
1_N.25,N.25,Rengit,Zaidi Japar,BN,UMNO,,Zaidi bin Japar,27608,Datuk Dr Mohd Puad Zarkashi,BN-UMNO,"1,920"
1_N.26,N.26,Machap,Nur Hafiz Roslan,PH,AMANAH,,Nur Hafiz Roslan,35206,Datuk Onn Hafiz Ghazi,BN-UMNO,"6,543"
1_N.26,N.26,Machap,Datuk Onn Hafiz Ghazi,BN,UMNO,,,35206,Datuk Onn Hafiz Ghazi,BN-UMNO,"6,543"
1_N.27,N.27,Layang-Layang,Guna Balakrishnan,PH,PKR,,,25181,Abd Mutalip Abd Rahim,BN-UMNO,"2,815"
1_N.27,N.27,Layang-Layang,Abd Mutalip Abd Rahim,PN,BERSATU,,Haji Abd Mutalip,25181,Abd Mutalip Abd Rahim,BN-UMNO,"2,815"
1_N.27,N.27,Layang-Layang,Chua Jian Boon,BN,MCA,,,25181,Abd Mutalip Abd Rahim,BN-UMNO,"2,815"
1_N.28,N.28,Mengkibol,Chu Poh Yee,PH,DAP,,,68457,Chew Chong Sin,PH-DAP,"10,107"
1_N.28,N.28,Mengkibol,Yap Zhi Peng,BN,MCA,,Warren Yap Zhi Peng,68457,Chew Chong Sin,PH-DAP,"10,107"
1_N.29,N.29,Mahkota,Dr Ahmad Zuhan Md Zain,PH,AMANAH,,Dr Zuhan,67562,Syed Hussien Syed Abdullah,BN-UMNO,"20,648"
1_N.29,N.29,Mahkota,Abd Hamid Ali,BERSAMA,BERSAMA,,Abd Hamid bin Ali,67562,Syed Hussien Syed Abdullah,BN-UMNO,"20,648"
1_N.29,N.29,Mahkota,Syed Hussien Syed Abdullah,BN,UMNO,,Syed Hussein,67562,Syed Hussien Syed Abdullah,BN-UMNO,"20,648"
1_N.30,N.30,Paloh,Dr Ruben Arumungum,PH,DAP,,Dr.Ruban,25419,Lee Ting Han,BN-MCA,"3,176"
1_N.30,N.30,Paloh,D S Jeevakumar,PN,MIPP,,D.S.Jeevan,25419,Lee Ting Han,BN-MCA,"3,176"
1_N.30,N.30,Paloh,Lee Ting Han,BN,MCA,,,25419,Lee Ting Han,BN-MCA,"3,176"
1_N.30,N.30,Paloh,G Kamaleswaren,OTHERS,BEBAS,Kereta Api,,25419,Lee Ting Han,BN-MCA,"3,176"
1_N.31,N.31,Kahang,Mohd Sabri Abd Kadir,PH,AMANAH,,Imam Sabri,29814,R Vidyananthan,BN-MIC,"6,698"
1_N.31,N.31,Kahang,Mazlan Bujang,PN,PAS,,Haji Mazlan B. Bujang,29814,R Vidyananthan,BN-MIC,"6,698"
1_N.31,N.31,Kahang,V Rugendran,BN,MIC,,V.Rugendran,29814,R Vidyananthan,BN-MIC,"6,698"
1_N.32,N.32,Endau,Saiful Nizam Samat,PH,PKR,,Saiful Nizam bin Samat,28767,Alwiyah Talib,PN-Bersatu,"3,041"
1_N.32,N.32,Endau,Hasnul Hakimi Hussein,PN,PAS,,Ustaz Hakimi,28767,Alwiyah Talib,PN-Bersatu,"3,041"
1_N.32,N.32,Endau,Alwiyah Talib,BN,UMNO,,Kak Awi,28767,Alwiyah Talib,PN-Bersatu,"3,041"
1_N.32,N.32,Endau,Jati Awang,OTHERS,ASLI,,,28767,Alwiyah Talib,PN-Bersatu,"3,041"
1_N.33,N.33,Tenggaroh,Md Yusof Dawam,PH,PKR,,Md Yusof bin Dawam,39001,Raven Kumar Krishnasamy,BN-MIC,"1,356"
1_N.33,N.33,Tenggaroh,Muhamad Amerul Muhamad,PN,BERSATU,,Muhamad Amerul,39001,Raven Kumar Krishnasamy,BN-MIC,"1,356"
1_N.33,N.33,Tenggaroh,Mohd Youzaimi Yusof,BN,UMNO,,Youzaimi Yusof,39001,Raven Kumar Krishnasamy,BN-MIC,"1,356"
1_N.34,N.34,Panti,Ahmad Daniel Sharudin,PH,AMANAH,,,41407,Hahasrin Hashim,BN-UMNO,"5,854"
1_N.34,N.34,Panti,Alias Rasman,PN,BERSATU,,Alias Rasman,41407,Hahasrin Hashim,BN-UMNO,"5,854"
1_N.34,N.34,Panti,Dr Muhammad Naqib Md Ghazali,BN,UMNO,,Dr.Naqib Ghazali,41407,Hahasrin Hashim,BN-UMNO,"5,854"
1_N.35,N.35,Pasir Raja,Mohd Fakharuddin Moslim,PH,PKR,,,29818,Rashidah Ismail,BN-UMNO,"4,888"
1_N.35,N.35,Pasir Raja,Yuhanita Yunan,PN,PAS,,,29818,Rashidah Ismail,BN-UMNO,"4,888"
1_N.35,N.35,Pasir Raja,Datuk Seri Dr Adham Baba,BN,UMNO,,Dr.Adham Baba,29818,Rashidah Ismail,BN-UMNO,"4,888"
1_N.36,N.36,Sedili,Amirul Huzni Onn,PH,AMANAH,,Amirul Huzni Onn,29090,Muszaidee Makmor,BN-UMNO,"5,679"
1_N.36,N.36,Sedili,Rasman Ithnain,PN,BERSATU,,Rasman,29090,Muszaidee Makmor,BN-UMNO,"5,679"
1_N.36,N.36,Sedili,Muszaidee Makmor,BN,UMNO,,,29090,Muszaidee Makmor,BN-UMNO,"5,679"
1_N.37,N.37,Johor Lama,Danish Hossman Abd Rahman,PH,PKR,,,32716,Norlizah Noh,BN-UMNO,"6,039"
1_N.37,N.37,Johor Lama,Aisah Esa,PN,BERSATU,,,32716,Norlizah Noh,BN-UMNO,"6,039"
1_N.37,N.37,Johor Lama,Norlizah Noh,BN,UMNO,,,32716,Norlizah Noh,BN-UMNO,"6,039"
1_N.38,N.38,Penawar,Mohd Sawaludin Salleh,PH,AMANAH,,Sawaludin,31112,Fauziah Misri,BN-UMNO,"7,505"
1_N.38,N.38,Penawar,Fairulnizar Rahmat,PN,BERSATU,,Cikgu Nizar,31112,Fauziah Misri,BN-UMNO,"7,505"
1_N.38,N.38,Penawar,Fauziah Misri,BN,UMNO,,,31112,Fauziah Misri,BN-UMNO,"7,505"
1_N.39,N.39,Tanjung Surat,Faizul Abdul Ghani,PH,PKR,,,26943,Aznan Tamin,BN-UMNO,"5,903"
1_N.39,N.39,Tanjung Surat,Aznan Tamin,BN,UMNO,,,26943,Aznan Tamin,BN-UMNO,"5,903"
1_N.40,N.40,Tiram,Nor Zulaila Abd Ghani,PH,DAP,,Nor Zulaila,117496,Azizul Bachok,BN-UMNO,"5,281"
1_N.40,N.40,Tiram,Dr Harith Fakhrudin Abdul Malek,BERSAMA,BERSAMA,,Dr Harith Fakhrudin,117496,Azizul Bachok,BN-UMNO,"5,281"
1_N.40,N.40,Tiram,Khirul Mutanazar Ismail,PN,PAS,,Ustaz Khir,117496,Azizul Bachok,BN-UMNO,"5,281"
1_N.40,N.40,Tiram,Datuk Abdul Halim Suleiman,BN,UMNO,,Dato Hj Abdul Halim bin Hj Suleiman,117496,Azizul Bachok,BN-UMNO,"5,281"
1_N.41,N.41,Puteri Wangsa,Dr Maszlee Malik,PH,PKR,,Dr.Maszlee Malik,128723,"Amira Aisya Abd Aziz - Muda (7,114 majoriti)",,
1_N.41,N.41,Puteri Wangsa,Nicholas Paul Vincent,BERSAMA,BERSAMA,,,128723,"Amira Aisya Abd Aziz - Muda (7,114 majoriti)",,
1_N.41,N.41,Puteri Wangsa,Rashifa Aljunied,MUDA-PSM,MUDA,,,128723,"Amira Aisya Abd Aziz - Muda (7,114 majoriti)",,
1_N.41,N.41,Puteri Wangsa,Teow Chia Ling,BN,MCA,,Teow Chia Ling (Ms.Teow),128723,"Amira Aisya Abd Aziz - Muda (7,114 majoriti)",,
1_N.41,N.41,Puteri Wangsa,Wang Wee Siong,OTHERS,BEBAS,Kunci,,128723,"Amira Aisya Abd Aziz - Muda (7,114 majoriti)",,
1_N.42,N.42,Johor Jaya,Lee Wern Yiing,PH,DAP,,,97685,Liow Cai Tung,PH-DAP,"1,922"
1_N.42,N.42,Johor Jaya,Lau Yi Leong,BERSAMA,BERSAMA,,,97685,Liow Cai Tung,PH-DAP,"1,922"
1_N.42,N.42,Johor Jaya,Chan San San,BN,MCA,,,97685,Liow Cai Tung,PH-DAP,"1,922"
1_N.42,N.42,Johor Jaya,Lim Hun Peaw,OTHERS,BEBAS,Kunci,,97685,Liow Cai Tung,PH-DAP,"1,922"
1_N.43,N.43,Permas,Sharon Teo Siew Hui,PH,AMANAH,,,113963,Baharudin Mohamed Taib,BN-UMNO,"7,926"
1_N.43,N.43,Permas,Dr Zamil Najwah,BERSAMA,BERSAMA,,Dr Zamil Najwah,113963,Baharudin Mohamed Taib,BN-UMNO,"7,926"
1_N.43,N.43,Permas,T Vela,PN,MIPP,,,113963,Baharudin Mohamed Taib,BN-UMNO,"7,926"
1_N.43,N.43,Permas,Baharudin Mohamed Taib,BN,UMNO,,Baharudin bin Mohamed Taib,113963,Baharudin Mohamed Taib,BN-UMNO,"7,926"
1_N.44,N.44,Larkin,Suhaizan Kaiat,PH,AMANAH,,YB Suhaizan Kayat,76662,Mohd Hairi Mad Shah,BN-UMNO,"6,178"
1_N.44,N.44,Larkin,Norsinah Abu,BERSAMA,BERSAMA,,,76662,Mohd Hairi Mad Shah,BN-UMNO,"6,178"
1_N.44,N.44,Larkin,Mohd Hairi Mad Shah,BN,UMNO,,Mohd Hairi bin Mad Shah,76662,Mohd Hairi Mad Shah,BN-UMNO,"6,178"
1_N.45,N.45,Stulang,Andrew Cheng Kah Eng,PH,DAP,,,60029,Andrew Cheng Kah Eng,PH-DAP,"2,866"
1_N.45,N.45,Stulang,Stanley Tan,BERSAMA,BERSAMA,,,60029,Andrew Cheng Kah Eng,PH-DAP,"2,866"
1_N.45,N.45,Stulang,Lim Chin Eng @ Roland Lim,PN,BERSATU,,,60029,Andrew Cheng Kah Eng,PH-DAP,"2,866"
1_N.45,N.45,Stulang,Bong Seng Heng,BN,MCA,,,60029,Andrew Cheng Kah Eng,PH-DAP,"2,866"
1_N.46,N.46,Perling,Alan Tee Boon Tsong,PH,DAP,,Alan Tee,109992,Liew Chin Tong,PH-DAP,"3,347"
1_N.46,N.46,Perling,Boo Wei Han,BERSAMA,BERSAMA,,,109992,Liew Chin Tong,PH-DAP,"3,347"
1_N.46,N.46,Perling,Pannir Selvam,BN,MIC,,,109992,Liew Chin Tong,PH-DAP,"3,347"
1_N.47,N.47,Kempas,Muhammad Faezuddin Mohd Puad,PH,PKR,,,64244,Datuk Ramlee Bohani,BN-UMNO,"3,514"
1_N.47,N.47,Kempas,Salamahafifi Mohd Yusnaieny,BERSAMA,BERSAMA,,Salamahafifi (Fifi),64244,Datuk Ramlee Bohani,BN-UMNO,"3,514"
1_N.47,N.47,Kempas,Datuk Ramlee Bohani,BN,UMNO,,,64244,Datuk Ramlee Bohani,BN-UMNO,"3,514"
1_N.48,N.48,Skudai,Kartiyaini Jeyapalan,PH,DAP,,,106805,Marina Ibrahim,PH-DAP,"13,943"
1_N.48,N.48,Skudai,Eugene Chua,BERSAMA,BERSAMA,,,106805,Marina Ibrahim,PH-DAP,"13,943"
1_N.48,N.48,Skudai,Tan Hiang Kee,BN,MCA,,Nicol @ Ah Kee,106805,Marina Ibrahim,PH-DAP,"13,943"
1_N.48,N.48,Skudai,Amir,MUDA-PSM,PSM,,Amir,106805,Marina Ibrahim,PH-DAP,"13,943"
1_N.49,N.49,Kota Iskandar,Dzulkefly Ahmad,PH,AMANAH,,Sr.Dzulkefly Ahmad,132579,Datuk Pandak Ahmad,BN-UMNO,"4,360"
1_N.49,N.49,Kota Iskandar,Sahrudin Omar,BERSAMA,BERSAMA,,,132579,Datuk Pandak Ahmad,BN-UMNO,"4,360"
1_N.49,N.49,Kota Iskandar,S Anna Pravina,PN,MIPP,,Anna Pravina,132579,Datuk Pandak Ahmad,BN-UMNO,"4,360"
1_N.49,N.49,Kota Iskandar,Datuk Pandak Ahmad,BN,UMNO,,Datuk Pandak Ahmad,132579,Datuk Pandak Ahmad,BN-UMNO,"4,360"
1_N.50,N.50,Bukit Permai,Mohamad Shafwan Ani,PH,DAP,,Mohamad Shafwan,44819,Datuk Mohd Jafni Md Shukor,BN-UMNO,"4,755"
1_N.50,N.50,Bukit Permai,Muhammad Aidil Riduan Mohd Yusof,BERSAMA,BERSAMA,,,44819,Datuk Mohd Jafni Md Shukor,BN-UMNO,"4,755"
1_N.50,N.50,Bukit Permai,M Lina Manoh,PN,MIPP,,Lina,44819,Datuk Mohd Jafni Md Shukor,BN-UMNO,"4,755"
1_N.50,N.50,Bukit Permai,Datuk Mohd Jafni Md Shukor,BN,UMNO,,Dato' Mohd Jafni bin Md Shukor,44819,Datuk Mohd Jafni Md Shukor,BN-UMNO,"4,755"
1_N.51,N.51,Bukit Batu,Arthur Chiong Sen Sern,PH,PKR,,,49963,Arthur Chiong Sen Sern,PH-PKR,137
1_N.51,N.51,Bukit Batu,G Tamili,BERSAMA,BERSAMA,,Tamili.G,49963,Arthur Chiong Sen Sern,PH-PKR,137
1_N.51,N.51,Bukit Batu,M Premanand,MUDA-PSM,MUDA,,Premanand,49963,Arthur Chiong Sen Sern,PH-PKR,137
1_N.51,N.51,Bukit Batu,R Kumaran,BN,MIC,,Kumaran A/L Ramakrishnan,49963,Arthur Chiong Sen Sern,PH-PKR,137
1_N.51,N.51,Bukit Batu,Kamaruzaman Ali,OTHERS,BEBAS,Kunci,,49963,Arthur Chiong Sen Sern,PH-PKR,137
1_N.52,N.52,Senai,Wong Bor Yang,PH,DAP,,,66635,Wong Bor Yang,PH-DAP,"5,921"
1_N.52,N.52,Senai,Dr Tew Chian How,BERSAMA,BERSAMA,,Dr.Tew Chian How,66635,Wong Bor Yang,PH-DAP,"5,921"
1_N.52,N.52,Senai,Tai Chee Chee,BN,MCA,,Kiki Tai,66635,Wong Bor Yang,PH-DAP,"5,921"
1_N.53,N.53,Benut,Abd Razak Ismail,PH,AMANAH,,,28798,Datuk Hasni Mohammad,BN-UMNO,"5,859"
1_N.53,N.53,Benut,Datuk Mohd Sumali Reduan,BN,UMNO,,,28798,Datuk Hasni Mohammad,BN-UMNO,"5,859"
1_N.54,N.54,Pulai Sebatang,Haniff@Ghazali Hosman,PH,PKR,,,47651,Hasrunizah Hassan,BN-UMNO,"6,325"
1_N.54,N.54,Pulai Sebatang,Hasrunizah Hassan,BN,UMNO,,Hasrunizah Hassan (Azah),47651,Hasrunizah Hassan,BN-UMNO,"6,325"
1_N.55,N.55,Pekan Nanas,Yeo Tung Siong,PH,DAP,,,37556,Tan Eng Meng,BN-MCA,"4,835"
1_N.55,N.55,Pekan Nanas,Tan Eng Meng,BN,MCA,,,37556,Tan Eng Meng,BN-MCA,"4,835"
1_N.56,N.56,Kukup,Cheah Chee Hong,PH,PKR,,,34968,Datuk Jefridin Atan,BN-UMNO,"8,201"
1_N.56,N.56,Kukup,Mohd Israk Abdullah,BN,UMNO,,Hj Israk,34968,Datuk Jefridin Atan,BN-UMNO,"8,201"
